project_uuid,project_name,photo_log_status
660a1a94-2867-48e7-9c5f-4db540c7104a,6279 Tyler Loop Road,200
09618744-1448-4510-8bd5-09aee816fe40,1676 Five Points Road,200
765720e7-f5f2-447d-9fa2-9aaa16417bdc,1017 Burnt Pine Lane,200
6e8086a1-e590-4320-a7e6-af2ffaf4c1a0,505 Sunhill Road Northwest,200
aef92150-c9d4-4fcd-9599-c8d46b960ed6,5874 Dogwood Circle,200
46f6e042-fc44-4fe5-b0b0-b4c46bb57888,308 Killough Drive,200
e4555221-06cf-4140-b7f3-dade8f132060,2701 Eastern Valley Road,200
dc33447d-909d-4d5f-b413-2030271b08b6,2401 16th Street,200
23719392-bb88-4166-8212-eb41dc4bb335,316 Willow Glen Court,200
3448a51e-f2e1-45ae-8868-529ae366e7e0,316 Gemini Circle Northwest,200
9cb8369d-bf9c-4e42-a36f-05acd9de194c,112 White Cap Circle,200
509a4d80-2357-4d84-947d-556d879df50e,4038 Ida Lane,200
263820c5-5ee2-4638-a15b-5325ccf57ac2,601 Mermont Drive,200
da07daab-8d0e-40ad-b059-ac163f36d468,5364 Balboa Avenue,200
a051bc40-e672-4482-b10b-2ddee7bd5dd9,1645 Barrington Lane Northeast,200
4eb356e4-8643-4da3-bf6f-cc3248dc373b,3348 Overton Road,200
9528115b-b235-41d3-9e19-eced316fdc02,2123 28th Avenue North,200
0c2689e2-f4f7-4b4c-b310-c5d7ffbaf2e9,4472 Parkwood Circle,200
bee24ee8-98ae-4ec6-942f-b89f60a38033,417 Rosewood Street,200
cac34cd4-906c-49fa-aa39-41bdb0174269,7624 Happy Hollow Road,200
a38a8023-8a63-42ac-a38b-000f8c9e6587,533 River Crest Way,200
926fb82d-2f16-49a6-b21f-86c9a4ef08f4,1688 Brewster Road,200
d1a52c45-b317-4eb9-b356-0d17e47214e4,3236 Warringwood Drive,200
2fecfaa8-b178-4c57-9fb9-c792dec34073,2208 Pine Lane,200
f3d4431e-1cc1-4a5e-a0a4-fff4c330d49e,2157 Parsons Drive,200
6cb0aad5-e69c-41c5-b99a-535846a169cf,4226 Plantation Place,200
3af74b60-84fb-4c6c-aa59-3d1fe38b096e,4793 Longmeadow Drive,200
e5b58b46-4987-4794-9587-b1c96b858317,3834 County Road 11,200
85fd6677-7cea-424f-b056-30745971d96d,2308 Kala Street,200
04f26529-dc7c-4231-a316-eb7dc0e7cda9,5337 Pineneedle Drive,200
dad13c43-c304-4e2c-997a-a4619fe92757,1792 Whitmire Street,200
e97a92f4-8a67-4b2c-9667-a95505643b89,193 Rena Drive,200
e02c6242-e9ef-461b-ac1d-fc389e9769b7,2583 Hampstead Drive,200
3ede3a2c-0c25-4ccd-84f6-37dca2571c22,440 Woodland Court Northeast,200
bd04cbf5-a042-4729-a8f9-6df34d23458d,294 Heritage Drive,200
5736e77c-3e86-4274-9dac-c36059dedb7a,1504 8th Street Northwest,200
452422a6-c872-4052-91f2-227da0583a03,578 Shades Crest Road,200
4c9a46a6-7212-41a0-90f5-b62785474364,3215 Fortner Lane,200
a6541d8c-a09e-4f0c-be58-584f064e61fe,5400 J R Drive,200
35d87514-df2e-4ad8-8827-bc758f4ef859,2521 Arcadia Place,200
51508141-d2cf-46ca-8097-67da5dd31122,1006 Belcher Ferry Road,200
1df685fc-17ab-4eba-9c6f-b91ba65a0783,828 Jeffery Lane,200
6b5520c5-7082-481e-9fc1-6f3f24ab5808,508 Tambay Drive,200
cb9be0f6-9df0-4704-9027-303df26b159e,5609 Ridge View Drive,200
8a766eac-361d-4d85-9568-f197c67cbf64,3618 Haven View Circle,200
bd4d44a9-d742-405e-ae4a-e69c65754b5b,2513 7th Street Northeast,200
058497a2-f46c-4dc6-835b-20cef610d484,1125 Greystone Crest,200
199b7da4-951f-4017-9592-20b744b63bb2,2825 2nd Way Northwest,200
e07f7269-069d-40e9-8cbb-2ef30915ba80,1939 Westridge Drive,200
53ef857c-902c-4a72-9289-f1ea49b94a0d,4924 Branch Mill Circle,200
a26c919b-1469-4670-aed9-fc6443d91b65,640 Griffin Road,200
8bb2e4ba-f0f8-4380-9877-7ca15e5816a7,5557 Dry Creek Road,200
a084d394-50c7-486d-9d08-63c56b39cfd3,250 Schall Drive,200
7c81ffec-7b99-4dc8-a411-0eec59257e0f,1309 Springville Road,200
2953799a-81d6-48a3-b794-3e574dae7837,380 Myrick Road,200
d718a1aa-5c9a-4981-bd3d-5ef4abb73cf8,5551 Timber Hill Road,200
d2fc6494-9465-4056-a7df-049bd31db888,6094 Steeple Chase Drive,200
0be6b39b-e996-4206-9fdd-22acf9f030c8,9311 Dunnavant Valley Road,200
611ad975-5095-4001-b1f1-d195b71f9692,1557 Napoleon Drive,200
3cd2a0a2-b5b8-494e-952c-c95529f586ce,3012 2nd Street,200
05df5cef-191e-4fd6-9d59-8be6afa1ea1e,82 County Road 874,200
4e8c394c-162f-470e-a6cb-8365b9a812cf,335 County Road 1130,200
f478feaa-830e-407b-aabe-31ec795ea050,150 Beaver Ridge Drive,200
876d1d4c-506c-4b2c-8978-6d52f94c851f,205 Mashburn Drive,200
06afdfcc-76b0-43f3-94f3-cc0578f27925,1008 Springhill Lane,200
75ec9daf-e9c2-4734-965a-3fccb2a8db1b,2038 22nd Court South,200
b3450833-466a-4ba9-bca3-6ab531f4d7d7,424 County Road 3150,200
b5508ed6-6529-4c64-9aba-580d772d1604,13 Royal Coach Circle,200
33a9b357-e08d-4ed0-92c9-703bec286f19,1788 Whitmire Street,200
200d94bd-6a9a-4c25-9cce-a40066e4f345,141 Deer Park Drive,200
f21c3d22-c271-4a16-8a49-026aa7534605,512 Tambay Drive,200
5b68954c-7ff3-46b3-812e-27b82cad0d36,706 Berkley Drive,200
ba70216f-2e52-48b3-aea0-9ebad68e7b61,312 Lehigh Road,200
8d1ed47e-b1e1-4efa-9de9-5aab791c8b4c,10 Anderson Mountain Drive,200
d5dad94a-62d8-4650-8657-ad8beaad45c9,690 Idlewild Circle,200
badf4b49-7e43-4996-a2ba-b38a78e511b3,3018 Old Stone Drive,200
c9b44bf5-ba37-4a21-b412-d0d0b3809810,3249 Wagon Gap Trail,200
081e4c4e-f120-4e0d-a5c2-870682ca02d5,7104 Claymont Drive,200
9e1b5181-ff76-4837-9c2b-b1d1c3d5c2a2,3535 Deerfield Drive,200
63bca547-7061-4278-ae74-f1a0c8a72885,5381 Park Side Circle,200
48607760-574c-4bd7-b37c-be6b820eeb48,157 Sweetgum Lane,200
254b47a5-eeef-4cf7-9477-83947a0f04d1,2116 Lakeview Trace,200
83d7e5ed-8e0b-4d7a-8f38-aa86d00d87c1,1037 Sharp Drive,200
9ccb6b1f-1c46-416b-86df-27223b2e526e,2020 Rockland Drive,200
