project_uuid,project_name,photo_log_status
6e8086a1-e590-4320-a7e6-af2ffaf4c1a0,505 Sunhill Road Northwest,200
9cb8369d-bf9c-4e42-a36f-05acd9de194c,112 White Cap Circle,200
23719392-bb88-4166-8212-eb41dc4bb335,316 Willow Glen Court,200
dad13c43-c304-4e2c-997a-a4619fe92757,1792 Whitmire Street,200
85fd6677-7cea-424f-b056-30745971d96d,2308 Kala Street,200
46f6e042-fc44-4fe5-b0b0-b4c46bb57888,308 Killough Drive,200
058497a2-f46c-4dc6-835b-20cef610d484,1125 Greystone Crest,200
0c2689e2-f4f7-4b4c-b310-c5d7ffbaf2e9,4472 Parkwood Circle,200
199b7da4-951f-4017-9592-20b744b63bb2,2825 2nd Way Northwest,200
a051bc40-e672-4482-b10b-2ddee7bd5dd9,1645 Barrington Lane Northeast,200
7c81ffec-7b99-4dc8-a411-0eec59257e0f,1309 Springville Road,200
9424983f-4997-4f8d-9b0b-c150697a2036,5041 Lakeview Circle,200
05df5cef-191e-4fd6-9d59-8be6afa1ea1e,82 County Road 874,200
e24eb606-616d-4d78-81e3-d02da75ddd7a,2568 North Chandalar Lane,200
a26c919b-1469-4670-aed9-fc6443d91b65,640 Griffin Road,200
e07f7269-069d-40e9-8cbb-2ef30915ba80,1939 Westridge Drive,200
e5b58b46-4987-4794-9587-b1c96b858317,3834 County Road 11,200
cb9be0f6-9df0-4704-9027-303df26b159e,5609 Ridge View Drive,200
d718a1aa-5c9a-4981-bd3d-5ef4abb73cf8,5551 Timber Hill Road,200
53ef857c-902c-4a72-9289-f1ea49b94a0d,4924 Branch Mill Circle,200
0be6b39b-e996-4206-9fdd-22acf9f030c8,9311 Dunnavant Valley Road,200
06afdfcc-76b0-43f3-94f3-cc0578f27925,1008 Springhill Lane,200
75ec9daf-e9c2-4734-965a-3fccb2a8db1b,2038 22nd Court South,200
6b5520c5-7082-481e-9fc1-6f3f24ab5808,508 Tambay Drive,200
59f8be1d-7c13-4f31-ab50-3c13a401605b,300 Huntsville Avenue,200
e1e590c6-c38b-4d06-b31d-3e5878e272ea,4701 Nottingham Lane,200
b3450833-466a-4ba9-bca3-6ab531f4d7d7,424 County Road 3150,200
4e8c394c-162f-470e-a6cb-8365b9a812cf,335 County Road 1130,200
f478feaa-830e-407b-aabe-31ec795ea050,150 Beaver Ridge Drive,200
b5508ed6-6529-4c64-9aba-580d772d1604,13 Royal Coach Circle,200
09618744-1448-4510-8bd5-09aee816fe40,1676 Five Points Road,200
33a9b357-e08d-4ed0-92c9-703bec286f19,1788 Whitmire Street,200
e502c24c-d6dd-4e08-a2d2-c7b9d083b97d,132 Cove Lane,200
200d94bd-6a9a-4c25-9cce-a40066e4f345,141 Deer Park Drive,200
f21c3d22-c271-4a16-8a49-026aa7534605,512 Tambay Drive,200
5b68954c-7ff3-46b3-812e-27b82cad0d36,706 Berkley Drive,200
f8d9c8ee-4303-4b2a-b629-7369165c8075,5427 Reese Lane,200
3448a51e-f2e1-45ae-8868-529ae366e7e0,316 Gemini Circle Northwest,200
93d7d7dd-8388-473f-93b0-e32a22d9d871,1310 Old Cahaba Cove,200
9528115b-b235-41d3-9e19-eced316fdc02,2123 28th Avenue North,200
ba70216f-2e52-48b3-aea0-9ebad68e7b61,312 Lehigh Road,200
0fda8e9f-1734-4ad6-9d89-4ff3041b89fa,270 Myers Road,200
3cd2a0a2-b5b8-494e-952c-c95529f586ce,3012 2nd Street,200
426ea258-f076-4c49-9dc8-0a2b6fce36a1,1437 Ware Boulevard,200
e97a92f4-8a67-4b2c-9667-a95505643b89,193 Rena Drive,200
876d1d4c-506c-4b2c-8978-6d52f94c851f,205 Mashburn Drive,200
8d1ed47e-b1e1-4efa-9de9-5aab791c8b4c,10 Anderson Mountain Drive,200
bd04cbf5-a042-4729-a8f9-6df34d23458d,294 Heritage Drive,200
d5dad94a-62d8-4650-8657-ad8beaad45c9,690 Idlewild Circle,200
fc03e317-7886-41fe-8df6-ddaab2feaa7f,5278 Willow Ridge Lane,200
dc33447d-909d-4d5f-b413-2030271b08b6,2401 16th Street,200
8a766eac-361d-4d85-9568-f197c67cbf64,3618 Haven View Circle,200
5736e77c-3e86-4274-9dac-c36059dedb7a,1504 8th Street Northwest,200
cc0fe8b2-3390-4b35-bdc1-cbb0d170b8e1,63 Avery Hancock Drive,200
db78e8ca-4b12-4621-b298-ca1cb6bbf9c0,116 34th St N,200
b863e2ad-24f3-47c6-8c48-094daef91f6b,9389 Central Road,200
badf4b49-7e43-4996-a2ba-b38a78e511b3,3018 Old Stone Drive,200
6b2cd424-2101-467e-928e-d2049ef959d4,206 Annetta Circle,200
fc3913ed-9c2b-4869-9be7-c93f91c186ca,1608 Kestwick Drive,200
e7b2d4fa-dc9f-4697-a10a-12e639d8aac0,4533 Oak Drive,200
9b22b45d-007b-464b-bea9-ef981cd8c758,3023 Massey Road,200
19fcd269-9bb8-499a-b7ee-980a1cdce4bf,2454 Hampstead Drive,200
c9b44bf5-ba37-4a21-b412-d0d0b3809810,3249 Wagon Gap Trail,200
060c3c25-4109-415f-9c9e-135d19a12907,2755 Austin Lane,200
611ad975-5095-4001-b1f1-d195b71f9692,1557 Napoleon Drive,200
98fc757e-258e-4b4d-a188-16daafa5a0f2,2173 Chapel Hill Road,200
077d022b-c5a3-41f3-87ce-34dadff36773,5150 Hickory Drive Northeast,200
ff204aae-70ae-4004-b9a1-a11fd9b86f59,4358 Oak Street,200
508cad90-c28a-4434-947d-4ea199ab3225,163 Sunrise Drive,200
008ff21d-7701-47e7-bbba-d8e65a67feec,909 Winchester Circle,200
2d4f4c99-e115-49df-a982-2f1ce3f4f473,1409 High Point Terrace,200
2d3985da-312f-46cf-972f-4aba81e4da38,5445 Notting Hill Road,200
bac98a39-a322-4c07-8e2d-11ea458092d5,2232 Garland Drive,200
8bb2e4ba-f0f8-4380-9877-7ca15e5816a7,5557 Dry Creek Road,200
081e4c4e-f120-4e0d-a5c2-870682ca02d5,7104 Claymont Drive,200
4eb356e4-8643-4da3-bf6f-cc3248dc373b,3348 Overton Road,200
55f4156e-b924-4d0f-a47a-3d5ea463d8da,1766 Brookside Road,200
11416397-50e5-434c-b020-5b389d3eb51e,2720 Shoemaker Street,200
c4320198-8841-44bc-a6b0-7112a656c8e4,532 Hickory Street,200
9e1b5181-ff76-4837-9c2b-b1d1c3d5c2a2,3535 Deerfield Drive,200
4228e279-2b1b-49f2-8275-95250e2da89b,7541 Carriage Cove,200
63bca547-7061-4278-ae74-f1a0c8a72885,5381 Park Side Circle,200
48607760-574c-4bd7-b37c-be6b820eeb48,157 Sweetgum Lane,200
89c616f2-7cb6-4292-8422-03ee7fa3721e,5447 Notting Hill Road,200
d7916b59-1e68-4aab-a117-786091a9dbe6,1050 Montreat Parkway,200
64d8281a-a946-46c9-bcd4-55d92c3fb3b9,1313 McCoy Street,200
254b47a5-eeef-4cf7-9477-83947a0f04d1,2116 Lakeview Trace,200
7e76df91-c92c-4938-ae68-8c5355edd957,1929 11th Street Northwest,200
eb386272-b830-423e-bc07-f9bc280f3a90,1791 Vestaview Lane,200
0e1fd6c0-527a-4330-ac4f-1498979b143f,1048 Gene Reed Road,200
a11f09d2-c0ce-419a-a671-d145e1091a93,6269 Renda Circle,200
f9626886-bc42-4ba6-a54a-34e87843d414,1790 Ray Wyatt Road,200
ba2e5b70-7b04-42f3-a390-fe6ba206e784,6591 South Chalkville Road,200
6ad69f7e-e43e-4a84-b9ef-784280222ddb,6801 Brittany Place,200
38e56174-4607-4f60-a76d-bec0127b5a99,5719 Park Side Road,200
83d7e5ed-8e0b-4d7a-8f38-aa86d00d87c1,1037 Sharp Drive,200
08467ef8-3a87-4263-8c8e-360ab3b56377,1037 Sharp Drive,200
6cee50de-5424-4b9c-a91c-f80647c0563c,920 Wear Drive,200
9ccb6b1f-1c46-416b-86df-27223b2e526e,2020 Rockland Drive,200
3a5dbccf-64f0-4fc5-b940-4c23cd38e89c,108 Pinetree Circle,200
